sp,habitat,study
Trinomys albispinus,Caatinga dry forest-dwelling,Tavares et al 2016b
Trinomys dimidiatus,Atlantic Rainforest-dwelling,Tavares et al 2016b
Trinomys eliasi,Restinga-dwelling population,Tavares et al 2016b
Trinomys eliasi,Atlantic Rainforest-dweeling populations,Tavares et al 2016b
Trinomys gratiosus,Atlantic Rainforest-dwelling,Tavares et al 2016b
Trinomys iheringi,Atlantic Rainforest-dwelling,Tavares et al 2016b
Trinomys paratus,Atlantic Rainforest-dwelling,Tavares et al 2016b
Trinomys setosus,Atlantic Rainforest-dwelling,Tavares et al 2016b
Trinomys yonenagae,Caatinga sandy dunes-dwelling,Tavares et al 2016b
